,filename,language,dataset_name,ocr.line,ocr.sentence,groundtruth.line,groundtruth.sentence,prediction.line,model,prompt,prompt_text,file,name_of_file_idx,prediction.line.postprocessed,post-processings,line-lev-ocr,line-lev-pred,line-lev-improvement,quality-band-line,line-lev-pred-postprocessed,line-lev-improvement-postprocessed,overall-levenshtein-improvement,overall-levenshtein-improvement-postprocessed,overall-lev-ocr,improvement-band
0,../data/datasets/ocr/original/AN/OCR_AN_19810642_13_3020.txt,fr,AN-lines,"Une dernière remarque porte sur la forme du produit principal de l'assemblage, le programme objet.
Nous devons distinguer plusieurs cas :",No text,"Une dernière remarque porte sur la forme du produit principal de l'assemblage, le programme objet. 
Nous devons distinguer plusieurs cas :",No text,"Une dernière remarque porte sur la forme du produit principal de l'assemblage, le programme objet.  
Nous devons distinguer plusieurs cas :",deepseek-deepseek-v3-turbo-temp0.7,prompt_complex_01,prompt_complex_01,results-AN_lines-deepseek-deepseek-v3-turbo-temp0.7.jsonl,results-AN_lines-deepseek-deepseek-v3-turbo-temp0.7.jsonl_0,"Une dernière remarque porte sur la forme du produit principal de l'assemblage, le programme objet.  
Nous devons distinguer plusieurs cas :",NONE,0.9927536231884058,0.9928057553956835,5.2512734338154454e-05,99-100%,0.9928057553956835,5.2512734338154454e-05,5.2512734338154454e-05,5.2512734338154454e-05,0.9927536231884058,Positive Improvement
1,../data/datasets/ocr/original/AN/OCR_AN_19810642_13_3020.txt,fr,AN-lines,"- si la machine est très petite, dépourvue de mémoire auxiliaire, et ne peut recevoir qu'un programme à la fois, ce produit est un programme binaire conçu pour travailler à une place définie de la mémoire. Il est en général sur bande perforée ou cartes, et son introduction en mémoire nécessitera le recours à un très petit programme de service, le charcour absolu.",No text,"- si la machine est très petite, dépourvue de mémoire auxiliaire, et ne peut recevoir qu'un programme à la fois, ce produit est un programme binaire conçu pour travailler à une place définie de la mémoire. Il est en général sur bande perforée ou cartes, et son introduction en mémoire nécessitera le recours à un très petit programme de service, le chargeur absolu.",No text,"- Si la machine est très petite, dépourvue de mémoire auxiliaire, et ne peut recevoir qu'un programme à la fois, ce produit est un programme binaire conçu pour travailler à une place définie de la mémoire. Il est en général sur bande perforée ou cartes, et son introduction en mémoire nécessitera le recours à un très petit programme de service, le chargeur absolu.",deepseek-deepseek-v3-turbo-temp0.7,prompt_complex_01,prompt_complex_01,results-AN_lines-deepseek-deepseek-v3-turbo-temp0.7.jsonl,results-AN_lines-deepseek-deepseek-v3-turbo-temp0.7.jsonl_1,"- Si la machine est très petite, dépourvue de mémoire auxiliaire, et ne peut recevoir qu'un programme à la fois, ce produit est un programme binaire conçu pour travailler à une place définie de la mémoire. Il est en général sur bande perforée ou cartes, et son introduction en mémoire nécessitera le recours à un très petit programme de service, le chargeur absolu.",NONE,0.9945205479452055,0.9972602739726028,0.0027548209366391073,99-100%,0.9972602739726028,0.0027548209366391073,0.0027548209366391073,0.0027548209366391073,0.9945205479452055,Positive Improvement
2,../data/datasets/ocr/original/AN/OCR_AN_19810642_13_3020.txt,fr,AN-lines,"- si la machine est plus importante, le programme objet sera en général placé par l'assembleur sur une mémoire auxiliaire, en attendant l'heure d'être exécuté. On ignore, au moment de l'assemblage, la zone de mémoire principale où sera placé le programme pour cette exécution.",No text,"- si la machine est plus importante, le programme objet sera en général placé par l'assembleur sur une mémoire auxiliaire, en attendant l'heure d'être exécuté. On ignore, au moment de l'assemblage, la zone de mémoire principale où sera placé le programme pour cette exécution.",No text,"Si la machine est plus importante, le programme objet sera en général placé par l'assembleur sur une mémoire auxiliaire, en attendant l'heure d'être exécuté. On ignore, au moment de l'assemblage, la zone de mémoire principale où sera placé le programme pour cette exécution.",deepseek-deepseek-v3-turbo-temp0.7,prompt_complex_01,prompt_complex_01,results-AN_lines-deepseek-deepseek-v3-turbo-temp0.7.jsonl,results-AN_lines-deepseek-deepseek-v3-turbo-temp0.7.jsonl_2,"Si la machine est plus importante, le programme objet sera en général placé par l'assembleur sur une mémoire auxiliaire, en attendant l'heure d'être exécuté. On ignore, au moment de l'assemblage, la zone de mémoire principale où sera placé le programme pour cette exécution.",NONE,1.0,0.9891304347826086,-0.010869565217391353,99-100%,0.9891304347826086,-0.010869565217391353,-0.010869565217391353,-0.010869565217391353,1.0,Negative Improvement
3,../data/datasets/ocr/original/AN/OCR_AN_19810642_13_3020.txt,fr,AN-lines,"Le programme objet binaire est alors conservé dans une forme spéciale dite relcagable parce que le charcour qui le prendra en compte pourra le placer n'importe où. Mais ce ""hargeur, capable d'effectuer la translation des adresses et autorisant des corrections, devient un programme important, dont nous : carlerons.",No text,"Le programme objet binaire est alors conservé dans une forme spéciale dite relogeable parce que le chargeur qui le prendra en compte pourra le placer n'importe où. Mais ce chargeur, capable d'effectuer la translation des adresses et autorisant des corrections, devient un programme important, dont nous parlerons.",No text,"Le programme objet binaire est alors conservé dans une forme spéciale dite relogeable parce que le chargeur qui le prendra en compte pourra le placer n'importe où. Mais ce chargeur, capable d'effectuer la translation des adresses et autorisant des corrections, devient un programme important, dont nous parlerons.",deepseek-deepseek-v3-turbo-temp0.7,prompt_complex_01,prompt_complex_01,results-AN_lines-deepseek-deepseek-v3-turbo-temp0.7.jsonl,results-AN_lines-deepseek-deepseek-v3-turbo-temp0.7.jsonl_3,"Le programme objet binaire est alors conservé dans une forme spéciale dite relogeable parce que le chargeur qui le prendra en compte pourra le placer n'importe où. Mais ce chargeur, capable d'effectuer la translation des adresses et autorisant des corrections, devient un programme important, dont nous parlerons.",NONE,0.9714285714285714,1.0,0.029411764705882363,80-99%,1.0,0.029411764705882363,0.029411764705882363,0.029411764705882363,0.9714285714285714,Positive Improvement
4,../data/datasets/ocr/original/AN/OCR_AN_19810642_13_3020.txt,fr,AN-lines,"Cependant, le langage d'assemblage ainsi défini reste isomorphe du langage machine ; pour aller plus loin, il faut parler de sous-programmes et d'interprétation.",No text,"Cependant, le langage d'assemblage ainsi défini reste isomorphe du langage machine ; pour aller plus loin, il faut parler de sous-programmes et d'interprétation.",No text,"Cependant, le langage d'assemblage ainsi défini reste isomorphe du langage machine ; pour aller plus loin, il faut parler de sous-programmes et d'interprétation.",deepseek-deepseek-v3-turbo-temp0.7,prompt_complex_01,prompt_complex_01,results-AN_lines-deepseek-deepseek-v3-turbo-temp0.7.jsonl,results-AN_lines-deepseek-deepseek-v3-turbo-temp0.7.jsonl_4,"Cependant, le langage d'assemblage ainsi défini reste isomorphe du langage machine ; pour aller plus loin, il faut parler de sous-programmes et d'interprétation.",NONE,1.0,1.0,0.0,99-100%,1.0,0.0,0.0,0.0,1.0,No Improvement
5,../data/datasets/ocr/original/AN/OCR_AN_19810642_13_3020.txt,fr,AN-lines,# Sous-programmes,No text,Sous-programmes,No text,"Les sous-programmes sont des blocs de code autonomes conçus pour effectuer une tâche spécifique. Ils permettent de structurer le code en le divisant en sections plus petites et plus gérables, ce qui améliore la lisibilité et la maintenabilité du programme.  

Un sous-programme peut être appelé à partir d'autres parties du programme, évitant ainsi la duplication de code. Il peut également accepter des paramètres en entrée et retourner des résultats en sortie.  

En programmation, les sous-programmes sont souvent appelés fonctions, procédures ou méthodes, selon le langage utilisé. Leur utilisation est essentielle pour développer des applications modulaires et efficaces.",deepseek-deepseek-v3-turbo-temp0.7,prompt_complex_01,prompt_complex_01,results-AN_lines-deepseek-deepseek-v3-turbo-temp0.7.jsonl,results-AN_lines-deepseek-deepseek-v3-turbo-temp0.7.jsonl_5,Les sous-programmes sont,PRED-TEXT-TRUNCATED|,0.8823529411764706,0.020710059171597635,-0.9765285996055227,80-99%,0.5833333333333334,-0.33888888888888885,-0.9765285996055227,-0.33888888888888885,0.8823529411764706,Negative Improvement
6,../data/datasets/ocr/original/AN/OCR_AN_19810642_13_3020.txt,fr,AN-lines,"Il est fréquent qu'une séquence d'instructions, écrite pour un besoin particulier A au cours d'un programme, s'avère utilisable en d'autres parties du travail B, C. Cela constitue un sous-programme, et on peut envisager plusieurs façons de s'en servir.",No text,"Il est fréquent qu'une séquence d'instructions, écrite pour un besoin particulier A au cours d'un programme, s'avère utilisable en d'autres parties du travail B, C. Cela constitue un sous-programme, et on peut envisager plusieurs façons de s'en servir.",No text,"Il est fréquent qu'une séquence d'instructions, écrite pour un besoin particulier A au cours d'un programme, s'avère utilisable en d'autres parties du travail B, C. Cela constitue un sous-programme, et on peut envisager plusieurs façons de s'en servir.",deepseek-deepseek-v3-turbo-temp0.7,prompt_complex_01,prompt_complex_01,results-AN_lines-deepseek-deepseek-v3-turbo-temp0.7.jsonl,results-AN_lines-deepseek-deepseek-v3-turbo-temp0.7.jsonl_6,"Il est fréquent qu'une séquence d'instructions, écrite pour un besoin particulier A au cours d'un programme, s'avère utilisable en d'autres parties du travail B, C. Cela constitue un sous-programme, et on peut envisager plusieurs façons de s'en servir.",NONE,1.0,1.0,0.0,99-100%,1.0,0.0,0.0,0.0,1.0,No Improvement
7,../data/datasets/ocr/original/AN/OCR_AN_19810642_13_3020.txt,fr,AN-lines,"a) ou bien cette séquence A est recopiée dans le texte du programme aux places $B$ et $C$, et l'économie réalisée porte sur le temps de rédaction, c'est un sous-programme ouvert.",No text,"a) ou bien cette séquence A est recopiée dans le texte du programme aux places B et C, et l'économie réalisée porte sur le temps de rédaction, c'est un sous-programme ouvert.",No text,"a) ou bien cette séquence A est recopiée dans le texte du programme aux places B et C, et l'économie réalisée porte sur le temps de rédaction, c'est un sous-programme ouvert.",deepseek-deepseek-v3-turbo-temp0.7,prompt_complex_01,prompt_complex_01,results-AN_lines-deepseek-deepseek-v3-turbo-temp0.7.jsonl,results-AN_lines-deepseek-deepseek-v3-turbo-temp0.7.jsonl_7,"a) ou bien cette séquence A est recopiée dans le texte du programme aux places B et C, et l'économie réalisée porte sur le temps de rédaction, c'est un sous-programme ouvert.",NONE,0.9775280898876404,1.0,0.022988505747126495,80-99%,1.0,0.022988505747126495,0.022988505747126495,0.022988505747126495,0.9775280898876404,Positive Improvement
8,../data/datasets/ocr/original/AN/OCR_AN_19810642_13_3020.txt,fr,AN-lines,"b) ou bien la séquence A n'est écrite qu'une fois, et logée une fois en mémoire, afin de faire des économies de place. Dans ce cas, le sousprogramme, st dit fermé, et il faut y renvoyer par unerupture de séquence. A la fin de la séquence A, le sous-programme doit renvoyer au programme principal, et cela pose des problèmes délicats qui ont reçu plusieurs solutions intéressantes de caractère universel, dont au moins une est toujours incorporée au répertoire de chaque calculateur.",No text,"b) ou bien la séquence A n'est écrite qu'une fois, et logée une fois en mémoire, afin de faire des économies de place. Dans ce cas, le sous-programme est dit fermé, et il faut y renvoyer par une rupture de séquence. À la fin de la séquence A, le sous-programme doit renvoyer au programme principal, et cela pose des problèmes délicats qui ont reçu plusieurs solutions intéressantes de caractère universel, dont au moins une est toujours incorporée au répertoire de chaque calculateur.",No text,"b) ou bien la séquence A n'est écrite qu'une fois, et logée une fois en mémoire, afin de faire des économies de place. Dans ce cas, le sous-programme est dit fermé, et il faut y renvoyer par une rupture de séquence. À la fin de la séquence A, le sous-programme doit renvoyer au programme principal, et cela pose des problèmes délicats qui ont reçu plusieurs solutions intéressantes de caractère universel, dont au moins une est toujours incorporée au répertoire de chaque calculateur.",deepseek-deepseek-v3-turbo-temp0.7,prompt_complex_01,prompt_complex_01,results-AN_lines-deepseek-deepseek-v3-turbo-temp0.7.jsonl,results-AN_lines-deepseek-deepseek-v3-turbo-temp0.7.jsonl_8,"b) ou bien la séquence A n'est écrite qu'une fois, et logée une fois en mémoire, afin de faire des économies de place. Dans ce cas, le sous-programme est dit fermé, et il faut y renvoyer par une rupture de séquence. À la fin de la séquence A, le sous-programme doit renvoyer au programme principal, et cela pose des problèmes délicats qui ont reçu plusieurs solutions intéressantes de caractère universel, dont au moins une est toujours incorporée au répertoire de chaque calculateur.",NONE,0.9896694214876033,1.0,0.010438413361169125,80-99%,1.0,0.010438413361169125,0.010438413361169125,0.010438413361169125,0.9896694214876033,Positive Improvement
9,../data/datasets/ocr/original/AN/OCR_AN_19810642_13_3020.txt,fr,AN-lines,Un programme doit en général passer des paramètres à un sousprogramme fermé qu'il appelle. Ce problème général a également fait l'objet de solutions multiples.,No text,Un programme doit en général passer des paramètres à un sous-programme fermé qu'il appelle. Ce problème général a également fait l'objet de solutions multiples.,No text,Un programme doit en général passer des paramètres à un sous-programme fermé qu'il appelle. Ce problème général a également fait l'objet de solutions multiples.,deepseek-deepseek-v3-turbo-temp0.7,prompt_complex_01,prompt_complex_01,results-AN_lines-deepseek-deepseek-v3-turbo-temp0.7.jsonl,results-AN_lines-deepseek-deepseek-v3-turbo-temp0.7.jsonl_9,Un programme doit en général passer des paramètres à un sous-programme fermé qu'il appelle. Ce problème général a également fait l'objet de solutions multiples.,NONE,0.99375,1.0,0.006289308176100607,99-100%,1.0,0.006289308176100607,0.006289308176100607,0.006289308176100607,0.99375,Positive Improvement
10,../data/datasets/ocr/original/AN/OCR_AN_19810642_13_3020.txt,fr,AN-lines,"Les assembleurs incorporent tous, depuis leur invention, les moyens d'appeler des sous-programmes fermés. Il y a à cela deux raisons :",No text,"Les assembleurs incorporent tous, depuis leur invention, les moyens d'appeler des sous-programmes fermés. Il y a à cela deux raisons :",No text,"Les assembleurs incorporent tous, depuis leur invention, les moyens d'appeler des sous-programmes fermés. Il y a à cela deux raisons :",deepseek-deepseek-v3-turbo-temp0.7,prompt_complex_01,prompt_complex_01,results-AN_lines-deepseek-deepseek-v3-turbo-temp0.7.jsonl,results-AN_lines-deepseek-deepseek-v3-turbo-temp0.7.jsonl_10,"Les assembleurs incorporent tous, depuis leur invention, les moyens d'appeler des sous-programmes fermés. Il y a à cela deux raisons :",NONE,1.0,1.0,0.0,99-100%,1.0,0.0,0.0,0.0,1.0,No Improvement
11,../data/datasets/ocr/original/AN/OCR_AN_19810642_13_3018.txt,fr,AN-lines,"- les complitteurs, programmes permettant d'énoncer les problèmes sous une forme indépendante de la structure de la machine.
- les moniteurs, programmes chargés d'optimiser l'emploi des ressources de la machine (mémoire, bloc de calcul, périphériques) lors de l'exécution de travaux donnés.
Chacun de ces programmes va faire l'objet d'une analyse un peu plus détaillée.",No text,"- les compilateurs, programmes permettant d'énoncer les problèmes sous une forme indépendante de la structure de la machine.
- les moniteurs, programmes chargés d'optimiser l'emploi des ressources de la machine (mémoire, bloc de calcul, périphériques) lors de l'exécution de travaux donnés.
Chacun de ces programmes va faire l'objet d'une analyse un peu plus détaillée.",No text,"- les compilateurs, programmes permettant d'énoncer les problèmes sous une forme indépendante de la structure de la machine.  
- les moniteurs, programmes chargés d'optimiser l'emploi des ressources de la machine (mémoire, bloc de calcul, périphériques) lors de l'exécution de travaux donnés.  
Chacun de ces programmes va faire l'objet d'une analyse un peu plus détaillée.",deepseek-deepseek-v3-turbo-temp0.7,prompt_complex_01,prompt_complex_01,results-AN_lines-deepseek-deepseek-v3-turbo-temp0.7.jsonl,results-AN_lines-deepseek-deepseek-v3-turbo-temp0.7.jsonl_11,"- les compilateurs, programmes permettant d'énoncer les problèmes sous une forme indépendante de la structure de la machine.  
- les moniteurs, programmes chargés d'optimiser l'emploi des ressources de la machine (mémoire, bloc de calcul, périphériques) lors de l'exécution de travaux donnés.  
Chacun de ces programmes va faire l'objet d'une analyse un peu plus détaillée.",NONE,0.991869918699187,0.9892761394101877,-0.002615039774974691,99-100%,0.9892761394101877,-0.002615039774974691,-0.002615039774974691,-0.002615039774974691,0.991869918699187,Negative Improvement
12,../data/datasets/ocr/original/AN/OCR_AN_19810642_13_3018.txt,fr,AN-lines,"Langages d'assemblage
Euns les premiers temps des machines à calculer; les ambitions des créateurs de software (le nom n'éxistait pas alors) étaient très limitées. Soit à écrire un programme $A$, destiné à un travail mathématique. Plutôt que de rédiger en octal chacune des instructions de $A$, puis de les introduire caractère par caractère par un appareil de chargement spécial, on se propose de définir une forme externe des instructions, choisie pour sa commodité, et de confier la traduction à un autre programme B. Pendant l'opération de chargement, B, situé en mémoire, accepte A comme une donnée à travers l'appareil normal d'entrée et produit directement un programme A', binaire, isomorphe de A et placé en mémoire pour exécution.",No text,"Langages d'assemblage  
Dans les premiers temps des machines à calculer; les ambitions des créateurs de software (le nom n'existait pas alors) étaient très limitées. Soit à écrire un programme A, destiné à un travail mathématique. Plutôt que de rédiger en octal chacune des instructions de A, puis de les introduire caractère par caractère par un appareil de chargement spécial, on se propose de définir une forme externe des instructions, choisie pour sa commodité, et de confier la traduction à un autre programme B. Pendant l'opération de chargement, B, situé en mémoire, accepte A comme une donnée à travers l'appareil normal d'entrée et produit directement un programme A', binaire, isomorphe de A et placé en mémoire pour exécution.",No text,"Langages d'assemblage  
Dans les premiers temps des machines à calculer, les ambitions des créateurs de software (le nom n'existait pas alors) étaient très limitées. Soit à écrire un programme $A$, destiné à un travail mathématique. Plutôt que de rédiger en octal chacune des instructions de $A$, puis de les introduire caractère par caractère par un appareil de chargement spécial, on se propose de définir une forme externe des instructions, choisie pour sa commodité, et de confier la traduction à un autre programme B. Pendant l'opération de chargement, B, situé en mémoire, accepte A comme une donnée à travers l'appareil normal d'entrée et produit directement un programme A', binaire, isomorphe de A et placé en mémoire pour exécution.",deepseek-deepseek-v3-turbo-temp0.7,prompt_complex_01,prompt_complex_01,results-AN_lines-deepseek-deepseek-v3-turbo-temp0.7.jsonl,results-AN_lines-deepseek-deepseek-v3-turbo-temp0.7.jsonl_12,"Langages d'assemblage  
Dans les premiers temps des machines à calculer, les ambitions des créateurs de software (le nom n'existait pas alors) étaient très limitées. Soit à écrire un programme $A$, destiné à un travail mathématique. Plutôt que de rédiger en octal chacune des instructions de $A$, puis de les introduire caractère par caractère par un appareil de chargement spécial, on se propose de définir une forme externe des instructions, choisie pour sa commodité, et de confier la traduction à un autre programme B. Pendant l'opération de chargement, B, situé en mémoire, accepte A comme une donnée à travers l'appareil normal d'entrée et produit directement un programme A', binaire, isomorphe de A et placé en mémoire pour exécution.",NONE,0.9878378378378379,0.9932614555256065,0.005490392734540101,80-99%,0.9932614555256065,0.005490392734540101,0.005490392734540101,0.005490392734540101,0.9878378378378379,Positive Improvement
13,../data/datasets/ocr/original/AN/OCR_AN_19810642_13_3018.txt,fr,AN-lines,"Un tel traduzteur, qui nous apparait aujourd'hui d'écriture élémentaire, nécessite quelques centaines d'instructionsy et d'autant plus, évidemment, que l'on a souhaité plus de commodités dans le langage externe. On lui donnait le nom d'ordres initiaux. Bon principal inconvénient est évident dans le processus décrit, puisque $A^{\prime}$ et $B$ coexistent dans une mémoire déjà trop modeste, ce qui diminue encore la place utile. Dès cette époque, il apparaissait donc nécessaire d'agrandir la mémoire.",No text,"Un tel traducteur, qui nous apparaît aujourd'hui d'écriture élémentaire, nécessite quelques centaines d'instructions, et d'autant plus, évidemment, que l'on a souhaité plus de commodités dans le langage externe. On lui donnait le nom d'ordres initiaux. Son principal inconvénient est évident dans le processus décrit, puisque A' et B coexistent dans une mémoire déjà trop modeste, ce qui diminue encore la place utile. Dès cette époque, il apparaissait donc nécessaire d'agrandir la mémoire.",No text,"Un tel traducteur, qui nous apparaît aujourd'hui d'écriture élémentaire, nécessite quelques centaines d'instructions, et d'autant plus, évidemment, que l'on a souhaité plus de commodités dans le langage externe. On lui donnait le nom d'ordres initiaux. Son principal inconvénient est évident dans le processus décrit, puisque $A^{\prime}$ et $B$ coexistent dans une mémoire déjà trop modeste, ce qui diminue encore la place utile. Dès cette époque, il apparaissait donc nécessaire d'agrandir la mémoire.",deepseek-deepseek-v3-turbo-temp0.7,prompt_complex_01,prompt_complex_01,results-AN_lines-deepseek-deepseek-v3-turbo-temp0.7.jsonl,results-AN_lines-deepseek-deepseek-v3-turbo-temp0.7.jsonl_13,"Un tel traducteur, qui nous apparaît aujourd'hui d'écriture élémentaire, nécessite quelques centaines d'instructions, et d'autant plus, évidemment, que l'on a souhaité plus de commodités dans le langage externe. On lui donnait le nom d'ordres initiaux. Son principal inconvénient est évident dans le processus décrit, puisque $A^{\prime}$ et $B$ coexistent dans une mémoire déjà trop modeste, ce qui diminue encore la place utile. Dès cette époque, il apparaissait donc nécessaire d'agrandir la mémoire.",NONE,0.9662027833001988,0.974155069582505,0.00823045267489711,80-99%,0.974155069582505,0.00823045267489711,0.00823045267489711,0.00823045267489711,0.9662027833001988,Positive Improvement
14,../data/datasets/ocr/original/AN/OCR_AN_19810642_13_3018.txt,fr,AN-lines,"Certains, dont l'imagination restait incapable de concevoir l'avenir de la programmation, proposèrent de réserver à titre permanent une zone de mémoire pour les ordres initiaux, ou encore de cabler ceux-ci dans une mémoire permanente spéciale. C'était revenir par un détour à l'idée initiale, et condamner définitivement la machine à ne parler que le langage ainsi figé.",No text,"Certains, dont l'imagination restait incapable de concevoir l'avenir de la programmation, proposèrent, de réserver à titre permanent une zone de mémoire pour les ordres initiaux, ou encore de câbler ceux-ci dans une mémoire permanente spéciale. C'était revenir par un détour à l'idée initiale, et condamner définitivement la machine à ne parler que le langage ainsi figé.",No text,"Certains, dont l'imagination restait incapable de concevoir l'avenir de la programmation, proposèrent de réserver à titre permanent une zone de mémoire pour les ordres initiaux, ou encore de câbler ceux-ci dans une mémoire permanente spéciale. C'était revenir par un détour à l'idée initiale, et condamner définitivement la machine à ne parler que le langage ainsi figé.",deepseek-deepseek-v3-turbo-temp0.7,prompt_complex_01,prompt_complex_01,results-AN_lines-deepseek-deepseek-v3-turbo-temp0.7.jsonl,results-AN_lines-deepseek-deepseek-v3-turbo-temp0.7.jsonl_14,"Certains, dont l'imagination restait incapable de concevoir l'avenir de la programmation, proposèrent de réserver à titre permanent une zone de mémoire pour les ordres initiaux, ou encore de câbler ceux-ci dans une mémoire permanente spéciale. C'était revenir par un détour à l'idée initiale, et condamner définitivement la machine à ne parler que le langage ainsi figé.",NONE,0.9946091644204852,0.9973045822102425,0.002710027100270938,99-100%,0.9973045822102425,0.002710027100270938,0.002710027100270938,0.002710027100270938,0.9946091644204852,Positive Improvement
15,../data/datasets/ocr/original/AN/OCR_AN_19810642_13_3018.txt,fr,AN-lines,"Heureusement, il y eut des chercheurs plus audacieux, des utilisateurs plus exigeants, et la voie universellement choisie est très différente. C'est celle des langages d'assemblage.",No text,"Heureusement, il y eut des chercheurs plus audacieux, des utilisateurs plus exigeants, et la voie universellement choisie est très différente. C'est celle des langages d'assemblage.",No text,"Heureusement, il y eut des chercheurs plus audacieux, des utilisateurs plus exigeants, et la voie universellement choisie est très différente. C'est celle des langages d'assemblage.",deepseek-deepseek-v3-turbo-temp0.7,prompt_complex_01,prompt_complex_01,results-AN_lines-deepseek-deepseek-v3-turbo-temp0.7.jsonl,results-AN_lines-deepseek-deepseek-v3-turbo-temp0.7.jsonl_15,"Heureusement, il y eut des chercheurs plus audacieux, des utilisateurs plus exigeants, et la voie universellement choisie est très différente. C'est celle des langages d'assemblage.",NONE,1.0,1.0,0.0,99-100%,1.0,0.0,0.0,0.0,1.0,No Improvement
16,../data/datasets/ocr/original/AN/OCR_AN_19810642_13_3018.txt,fr,AN-lines,"Un langage d'assemblage associe, à chaque constituant de l'instruction binaire interne, un constituant externe commode, comme dans les ordres initiaux ; mais on s'accorde une beaucoup plus grande liberté de choix :",No text,"Un langage d'assemblage associe, à chaque constituant de l'instruction binaire interne, un constituant externe commode, comme dans les ordres initiaux ; mais on s'accorde une beaucoup plus grande liberté de choix :",No text,"Un langage d'assemblage associe, à chaque constituant de l'instruction binaire interne, un constituant externe commode, comme dans les ordres initiaux ; mais on s'accorde une beaucoup plus grande liberté de choix :",deepseek-deepseek-v3-turbo-temp0.7,prompt_complex_01,prompt_complex_01,results-AN_lines-deepseek-deepseek-v3-turbo-temp0.7.jsonl,results-AN_lines-deepseek-deepseek-v3-turbo-temp0.7.jsonl_16,"Un langage d'assemblage associe, à chaque constituant de l'instruction binaire interne, un constituant externe commode, comme dans les ordres initiaux ; mais on s'accorde une beaucoup plus grande liberté de choix :",NONE,1.0,1.0,0.0,99-100%,1.0,0.0,0.0,0.0,1.0,No Improvement
17,../data/datasets/ocr/original/AN/OCR_AN_19810642_13_3018.txt,fr,AN-lines,"- l'opération est en général définie par un code mnemotechnique, + ou ADD pour une addition par exemple",No text,"- l'opération est en général définie par un code mnémotechnique, + ou ADD pour une addition par exemple",No text,"- L'opération est en général définie par un code mnémotechnique, + ou ADD pour une addition par exemple",deepseek-deepseek-v3-turbo-temp0.7,prompt_complex_01,prompt_complex_01,results-AN_lines-deepseek-deepseek-v3-turbo-temp0.7.jsonl,results-AN_lines-deepseek-deepseek-v3-turbo-temp0.7.jsonl_17,"- L'opération est en général définie par un code mnémotechnique, + ou ADD pour une addition par exemple",NONE,0.9902912621359223,0.9902912621359223,0.0,99-100%,0.9902912621359223,0.0,0.0,0.0,0.9902912621359223,No Improvement
18,../data/datasets/ocr/original/AN/OCR_AN_19810642_13_3018.txt,fr,AN-lines,"- les adresses sont remplacées par des symboles littéraux qui évoquent le contenu de cette adresse, facilitant ainsi beaucoup la lecture du programme par d'autres que l'aut*1r",No text,"- les adresses sont remplacées par des symboles littéraux qui évoquent le contenu de cette adresse, facilitant ainsi beaucoup la lecture du programme par d'autres que l'auteur",No text,"- les adresses sont remplacées par des symboles littéraux qui évoquent le contenu de cette adresse, facilitant ainsi beaucoup la lecture du programme par d'autres que l'auteur.",deepseek-deepseek-v3-turbo-temp0.7,prompt_complex_01,prompt_complex_01,results-AN_lines-deepseek-deepseek-v3-turbo-temp0.7.jsonl,results-AN_lines-deepseek-deepseek-v3-turbo-temp0.7.jsonl_18,"- les adresses sont remplacées par des symboles littéraux qui évoquent le contenu de cette adresse, facilitant ainsi beaucoup la lecture du programme par d'autres que l'auteur.",NONE,0.9885714285714285,0.9943181818181818,0.005813189700472913,80-99%,0.9943181818181818,0.005813189700472913,0.005813189700472913,0.005813189700472913,0.9885714285714285,Positive Improvement
19,../data/datasets/ocr/original/AN/OCR_AN_19810642_13_3018.txt,fr,AN-lines,"Un très petit exemple fera comprendre cette différence. :
Exemple : soit à programmer a + b = c. Le programme, en code a 1 adresse, Comprend trois instructions : une pour appeler a en mémoire, une pour appeler ${ }^{\prime} b$ et l'ajouter à a, une pour ranger le résultat en c. Décidons, par exemple, que la quantité a sera à l'adresse 100, la quantité b à l'adresse 101 et le résultat à l'adresse 102, il faut composer en binaire les trois instructions, qui comprennent chacune, supposons le, un code opération de 5 bits et une adresse de 10 bits.",No text,"Un très petit exemple fera comprendre cette différence :
Exemple : soit à programmer a + b = c. Le programme, en code a 1 adresse, comprend trois instructions : une pour appeler a en mémoire, une pour appeler b et l'ajouter à a, une pour ranger le résultat en c. Décidons, par exemple, que la quantité a sera à l'adresse 100, la quantité b à l'adresse 101 et le résultat à l'adresse 102, il faut composer en binaire les trois instructions, qui comprennent chacune, supposons-le, un code opération de 5 bits et une adresse de 10 bits.",No text,"Un très petit exemple fera comprendre cette différence.  
Exemple : soit à programmer a + b = c. Le programme, en code à 1 adresse, comprend trois instructions : une pour appeler a en mémoire, une pour appeler b et l'ajouter à a, une pour ranger le résultat en c. Décidons, par exemple, que la quantité a sera à l'adresse 100, la quantité b à l'adresse 101 et le résultat à l'adresse 102, il faut composer en binaire les trois instructions, qui comprennent chacune, supposons-le, un code opération de 5 bits et une adresse de 10 bits.",deepseek-deepseek-v3-turbo-temp0.7,prompt_complex_01,prompt_complex_01,results-AN_lines-deepseek-deepseek-v3-turbo-temp0.7.jsonl,results-AN_lines-deepseek-deepseek-v3-turbo-temp0.7.jsonl_19,"Un très petit exemple fera comprendre cette différence.  
Exemple : soit à programmer a + b = c. Le programme, en code à 1 adresse, comprend trois instructions : une pour appeler a en mémoire, une pour appeler b et l'ajouter à a, une pour ranger le résultat en c. Décidons, par exemple, que la quantité a sera à l'adresse 100, la quantité b à l'adresse 101 et le résultat à l'adresse 102, il faut composer en binaire les trois instructions, qui comprennent chacune, supposons-le, un code opération de 5 bits et une adresse de 10 bits.",NONE,0.9672131147540983,0.9943820224719101,0.02808988764044946,80-99%,0.9943820224719101,0.02808988764044946,0.02808988764044946,0.02808988764044946,0.9672131147540983,Positive Improvement
20,../data/datasets/ocr/original/AN/OCR_AN_19810642_13_3017.txt,fr,AN-lines,,No text,Software de base,No text,"Entrée :  
""L'ocr a parfots des diffcultés à distnguer ceraines lettres, comrne le 'rn' et le 'm'. Il est impoant de verifler chaque mot attentivement pour evter les erreurs. Les caractères spéciaix comme les guillementes ou les aposrophes peuvet être mal interprétés.""

Sortie :  
""L'OCR a parfois des difficultés à distinguer certaines lettres, comme le 'rn' et le 'm'. Il est important de vérifier chaque mot attentivement pour éviter les erreurs. Les caractères spéciaux comme les guillemets ou les apostrophes peuvent être mal interprétés.""",deepseek-deepseek-v3-turbo-temp0.7,prompt_complex_01,prompt_complex_01,results-AN_lines-deepseek-deepseek-v3-turbo-temp0.7.jsonl,results-AN_lines-deepseek-deepseek-v3-turbo-temp0.7.jsonl_20,,PRED-TEXT-TRUNCATED|,0.0,0.025688073394495414,0.025688073394495414,0-40%,0.0,0.0,0.025688073394495414,0.0,0.0,Positive Improvement
21,../data/datasets/ocr/original/AN/OCR_AN_19810642_13_3017.txt,fr,AN-lines,"Nous avons dit combien désagréable et fastidieuse est la tâche de rédiger des progrommes dans le langage de la machine, en abrégé le langage machine interne ou LAT. Il semble naturel, par conséquent, que le constructeur, soucieux de donner au client une image aimable de son matériel, prenne à sa charge le software de base ; d'autant plus qu'il est le mieux placé pour connaître toutes les particularités intimes de la machine, longtemps avant les usagers. Et les constructeurs l'ont bien compris ainsi.",No text,"Nous avons dit combien désagréable et fastidieuse est la tâche de rédiger des programmes dans le langage de la machine, en abrégé le langage machine interne ou LMI. Il semble naturel, par conséquent, que le constructeur, soucieux de donner au client une image aimable de son matériel, prenne à sa charge le software de base ; d'autant plus qu'il est le mieux placé pour connaître toutes les particularités intimes de la machine, longtemps avant les usagers. Et les constructeurs l'ont bien compris ainsi.",No text,"Nous avons dit combien désagréable et fastidieuse est la tâche de rédiger des programmes dans le langage de la machine, en abrégé le langage machine interne ou LAM. Il semble naturel, par conséquent, que le constructeur, soucieux de donner au client une image aimable de son matériel, prenne à sa charge le software de base ; d'autant plus qu'il est le mieux placé pour connaître toutes les particularités intimes de la machine, longtemps avant les usagers. Et les constructeurs l'ont bien compris ainsi.",deepseek-deepseek-v3-turbo-temp0.7,prompt_complex_01,prompt_complex_01,results-AN_lines-deepseek-deepseek-v3-turbo-temp0.7.jsonl,results-AN_lines-deepseek-deepseek-v3-turbo-temp0.7.jsonl_21,"Nous avons dit combien désagréable et fastidieuse est la tâche de rédiger des programmes dans le langage de la machine, en abrégé le langage machine interne ou LAM. Il semble naturel, par conséquent, que le constructeur, soucieux de donner au client une image aimable de son matériel, prenne à sa charge le software de base ; d'autant plus qu'il est le mieux placé pour connaître toutes les particularités intimes de la machine, longtemps avant les usagers. Et les constructeurs l'ont bien compris ainsi.",NONE,0.9940476190476191,0.996031746031746,0.001996007984031929,99-100%,0.996031746031746,0.001996007984031929,0.001996007984031929,0.001996007984031929,0.9940476190476191,Positive Improvement
22,../data/datasets/ocr/original/AN/OCR_AN_19810642_13_3017.txt,fr,AN-lines,"Malheureusement, la rédaction d'un software de base est aujourd'hui, comme on le verra, une entreprisd d'envergure, s'étendant sur plusieurs années et représentant de considérables dépenses. C'est pourquoi les constructeurs, pressés de commercialiser leur produit, n'hésitent pas en général à les mettre en service avec n software de base assez médiocre qui entraine pour le matériel dans son ensemble, une sérieuse baisse de rendement par rapport à l'optimum théorique.",No text,"Malheureusement, la rédaction d'un software de base est aujourd'hui, comme on le verra une entrepris d'envergure, s'étendant sur plusieurs années et représentant de considérables dépenses. C'est pourquoi les constructeurs, pressés de commercialiser leur produit, n'hésitent pas en général à les mettre en service avec un software de base assez médiocre qui entraîne pour le matériel dans son ensemble, une sérieuse baisse de rendement par rapport à l'optimum théorique.",No text,"Malheureusement, la rédaction d'un software de base est aujourd'hui, comme on le verra, une entreprise d'envergure, s'étendant sur plusieurs années et représentant de considérables dépenses. C'est pourquoi les constructeurs, pressés de commercialiser leur produit, n'hésitent pas en général à les mettre en service avec un software de base assez médiocre qui entraîne pour le matériel dans son ensemble, une sérieuse baisse de rendement par rapport à l'optimum théorique.",deepseek-deepseek-v3-turbo-temp0.7,prompt_complex_01,prompt_complex_01,results-AN_lines-deepseek-deepseek-v3-turbo-temp0.7.jsonl,results-AN_lines-deepseek-deepseek-v3-turbo-temp0.7.jsonl_22,"Malheureusement, la rédaction d'un software de base est aujourd'hui, comme on le verra, une entreprise d'envergure, s'étendant sur plusieurs années et représentant de considérables dépenses. C'est pourquoi les constructeurs, pressés de commercialiser leur produit, n'hésitent pas en général à les mettre en service avec un software de base assez médiocre qui entraîne pour le matériel dans son ensemble, une sérieuse baisse de rendement par rapport à l'optimum théorique.",NONE,0.9914893617021276,0.9957537154989384,0.004300957692062377,99-100%,0.9957537154989384,0.004300957692062377,0.004300957692062377,0.004300957692062377,0.9914893617021276,Positive Improvement
23,../data/datasets/ocr/original/AN/OCR_AN_19810642_13_3017.txt,fr,AN-lines,"Aussi nombre d'usagers, notamment les organismes importants publics et privés n'hésitent-ils pas à réécrire tout ou partie de ce software ; c'est une entreprise ambitieuse qui immobilise longuement plusieurs spécialistes hautement qualifiés, et aucune petite société ne peut la mener à bien.",No text,"Aussi nombre d'usagers, notamment les organismes importants publics et privés n'hésitent-ils pas à réécrire tout ou partie de ce software ; c'est une entreprise ambitieuse qui immobilise longuement plusieurs spécialistes hautement qualifiés, et aucune petite société ne peut la mener à bien.",No text,"Aussi nombre d'usagers, notamment les organismes importants publics et privés n'hésitent-ils pas à réécrire tout ou partie de ce software ; c'est une entreprise ambitieuse qui immobilise longuement plusieurs spécialistes hautement qualifiés, et aucune petite société ne peut la mener à bien.",deepseek-deepseek-v3-turbo-temp0.7,prompt_complex_01,prompt_complex_01,results-AN_lines-deepseek-deepseek-v3-turbo-temp0.7.jsonl,results-AN_lines-deepseek-deepseek-v3-turbo-temp0.7.jsonl_23,"Aussi nombre d'usagers, notamment les organismes importants publics et privés n'hésitent-ils pas à réécrire tout ou partie de ce software ; c'est une entreprise ambitieuse qui immobilise longuement plusieurs spécialistes hautement qualifiés, et aucune petite société ne peut la mener à bien.",NONE,1.0,1.0,0.0,99-100%,1.0,0.0,0.0,0.0,1.0,No Improvement
24,../data/datasets/ocr/original/AN/OCR_AN_19810642_13_3017.txt,fr,AN-lines,"Afin de permettre aussi à as dernières de profiter des avantages d'une programmation optimale, il arrive que des équipes de tels spécialistes créent leur propre société, entièrement vouée à la rédaction de software qui sont vendus comme des produits commerciaux. Il en résulte que le client désireux de tirer de so machine, itut le parti possible doit payer deux fois le software une fois au constructeur, sans pouvoir d'ailleurs .. discerner le montant de cette participation dans un prix d'achat ou de location forfcitaire, et une fois à la société de software qui réécrit une version améliorée. C'est 1: matière d'un grand procès, actuellement en cours aux U.S.A., et dont on vous parlera sûrement lors des conférences consacrées au software, produit commercial. Je n'insisterai donc pas.",No text,"Afin de permettre aussi à ces dernières de profiter des avantages d'une programmation optimale, il arrive que des équipes de tels spécialistes créent leur propre société, entièrement vouée à la rédaction de software qui sont vendus comme des produits commerciaux. Il en résulte que le client désireux de tirer de sa machine tout le parti possible doit payer deux fois le software une fois au constructeur, sans pouvoir d'ailleurs discerner le montant de cette participation dans un prix d'achat ou de location forfaitaire, et une fois à la société de software qui réécrit une version améliorée. C'est la matière d'un grand procès, actuellement en cours aux U.S.A., et dont on vous parlera sûrement lors des conférences consacrées au software, produit commercial Je n'insisterai donc pas.",No text,"Afin de permettre aussi à ces dernières de profiter des avantages d'une programmation optimale, il arrive que des équipes de tels spécialistes créent leur propre société, entièrement vouée à la rédaction de software qui sont vendus comme des produits commerciaux. Il en résulte que le client désireux de tirer de sa machine, tout le parti possible doit payer deux fois le software : une fois au constructeur, sans pouvoir d'ailleurs discerner le montant de cette participation dans un prix d'achat ou de location forfaitaire, et une fois à la société de software qui réécrit une version améliorée. C'est là matière d'un grand procès, actuellement en cours aux U.S.A., et dont on vous parlera sûrement lors des conférences consacrées au software, produit commercial. Je n'insisterai donc pas.",deepseek-deepseek-v3-turbo-temp0.7,prompt_complex_01,prompt_complex_01,results-AN_lines-deepseek-deepseek-v3-turbo-temp0.7.jsonl,results-AN_lines-deepseek-deepseek-v3-turbo-temp0.7.jsonl_24,"Afin de permettre aussi à ces dernières de profiter des avantages d'une programmation optimale, il arrive que des équipes de tels spécialistes créent leur propre société, entièrement vouée à la rédaction de software qui sont vendus comme des produits commerciaux. Il en résulte que le client désireux de tirer de sa machine, tout le parti possible doit payer deux fois le software : une fois au constructeur, sans pouvoir d'ailleurs discerner le montant de cette participation dans un prix d'achat ou de location forfaitaire, et une fois à la société de software qui réécrit une version améliorée. C'est là matière d'un grand procès, actuellement en cours aux U.S.A., et dont on vous parlera sûrement lors des conférences consacrées au software, produit commercial. Je n'insisterai donc pas.",NONE,0.9835651074589128,0.9936788874841972,0.010282776349614347,80-99%,0.9936788874841972,0.010282776349614347,0.010282776349614347,0.010282776349614347,0.9835651074589128,Positive Improvement
25,../data/datasets/ocr/original/AN/OCR_AN_19810642_13_3017.txt,fr,AN-lines,"Avant d'entrer dans le détail des éléments qui composent un software de base, un point important doit être mis en évidence. Puisque ce qui interesse en définitive le client, c'est le service représenté par la somme hardware + software de base, il est indifférent que cette somme soit réalisée d'une façon ou d'une autre.",No text,"Avant d'entrer dans le détail des éléments qui composent un software de base, un point important doit être mis en évidence. Puisque ce qui intéresse en définitive le client, c'est le service représenté par la somme hardware + software de base, il est indifférent que cette somme soit réalisée d'une façon ou d'une autre.",No text,"Avant d'entrer dans le détail des éléments qui composent un software de base, un point important doit être mis en évidence. Puisque ce qui intéresse en définitive le client, c'est le service représenté par la somme hardware + software de base, il est indifférent que cette somme soit réalisée d'une façon ou d'une autre.",deepseek-deepseek-v3-turbo-temp0.7,prompt_complex_01,prompt_complex_01,results-AN_lines-deepseek-deepseek-v3-turbo-temp0.7.jsonl,results-AN_lines-deepseek-deepseek-v3-turbo-temp0.7.jsonl_25,"Avant d'entrer dans le détail des éléments qui composent un software de base, un point important doit être mis en évidence. Puisque ce qui intéresse en définitive le client, c'est le service représenté par la somme hardware + software de base, il est indifférent que cette somme soit réalisée d'une façon ou d'une autre.",NONE,0.996875,1.0,0.0031347962382445587,99-100%,1.0,0.0031347962382445587,0.0031347962382445587,0.0031347962382445587,0.996875,Positive Improvement
26,../data/datasets/ocr/original/AN/OCR_AN_19810642_13_3017.txt,fr,AN-lines,"De fait, il y a une infinité de manières de réaliser un même software de base sur une même machine, ce qui souligne combien le software est, encore aujourd' hui, un art. Il est, en outre, possible de fournir le même software de base,le même service si l'on veut, avec des hardware différents (notion de comptabilité) et de mettre plus ou moins l'accent à cette occasion sur l'économie ou sur le temps d'exécution. Il n'y a donc pas lieu de s'étonner que des clients ayant les mêmes problèmes et utilisant les mêmes langages de programmation puissent aboutir à des conclusions différentes quant au calculateur qui résoudre, de manière optimale, leur problème particulier.",No text,"De fait, il y a une infinité de manières de réaliser un même software de base sur une même machine, ce qui souligne combien le software est, encore aujourd'hui, un art. Il est, en outre, possible de fournir le même software de base, le même service si l'on veut, avec des hardware différents (notion de comptabilité) et de mettre plus ou moins l'accent à cette occasion sur l'économie ou sur le temps d'exécution. Il n'y a donc pas lieu de s'étonner que des clients ayant les mêmes problèmes et utilisant les mêmes langages de programmation puissent aboutir à des conclusions différentes quant au calculateur qui résoudra, de manière optimale, leur problème particulier.",No text,"De fait, il y a une infinité de manières de réaliser un même software de base sur une même machine, ce qui souligne combien le software est, encore aujourd’hui, un art. Il est, en outre, possible de fournir le même software de base, le même service si l’on veut, avec des hardware différents (notion de compatibilité) et de mettre plus ou moins l’accent à cette occasion sur l’économie ou sur le temps d’exécution. Il n’y a donc pas lieu de s’étonner que des clients ayant les mêmes problèmes et utilisant les mêmes langages de programmation puissent aboutir à des conclusions différentes quant au calculateur qui résoudra, de manière optimale, leur problème particulier.",deepseek-deepseek-v3-turbo-temp0.7,prompt_complex_01,prompt_complex_01,results-AN_lines-deepseek-deepseek-v3-turbo-temp0.7.jsonl,results-AN_lines-deepseek-deepseek-v3-turbo-temp0.7.jsonl_26,"De fait, il y a une infinité de manières de réaliser un même software de base sur une même machine, ce qui souligne combien le software est, encore aujourd’hui, un art. Il est, en outre, possible de fournir le même software de base, le même service si l’on veut, avec des hardware différents (notion de compatibilité) et de mettre plus ou moins l’accent à cette occasion sur l’économie ou sur le temps d’exécution. Il n’y a donc pas lieu de s’étonner que des clients ayant les mêmes problèmes et utilisant les mêmes langages de programmation puissent aboutir à des conclusions différentes quant au calculateur qui résoudra, de manière optimale, leur problème particulier.",NONE,0.9955223880597015,0.9865871833084948,-0.008975393078423504,99-100%,0.9865871833084948,-0.008975393078423504,-0.008975393078423504,-0.008975393078423504,0.9955223880597015,Negative Improvement
27,../data/datasets/ocr/original/AN/OCR_AN_19810642_13_3017.txt,fr,AN-lines,"Voyons maintenant la composition du software de base. Nous distingu-

- l'assembleu-, programme permettant de parler commodément à la machine dans son propre langage, au prix d'une bonne connaissance de sa structure interne.",No text,"Voyons maintenant la composition du software de base. Nous distinguerons :

- l'assembleur , programme permettant de parler commodément à la machine dans son propre langage, au prix d'une bonne connaissance de sa structure interne.",No text,"Voyons maintenant la composition du software de base. Nous distinguons :

- l'assembleur, programme permettant de parler commodément à la machine dans son propre langage, au prix d'une bonne connaissance de sa structure interne.",deepseek-deepseek-v3-turbo-temp0.7,prompt_complex_01,prompt_complex_01,results-AN_lines-deepseek-deepseek-v3-turbo-temp0.7.jsonl,results-AN_lines-deepseek-deepseek-v3-turbo-temp0.7.jsonl_27,"Voyons maintenant la composition du software de base. Nous distinguons :

- l'assembleur, programme permettant de parler commodément à la machine dans son propre langage, au prix d'une bonne connaissance de sa structure interne.",NONE,0.961038961038961,0.987012987012987,0.027027027027027035,80-99%,0.987012987012987,0.027027027027027035,0.027027027027027035,0.027027027027027035,0.961038961038961,Positive Improvement
28,../data/datasets/ocr/original/AN/OCR_AN_19810642_13_3016.txt,fr,AN-lines,"# Introduction 

Un calculateur est un assemblage technolog:que très remarqua:te, mais il est, comme tout autre 'équipement, absolument sans valeur sans un mode d'emploi. Lorsqu'on essaie de préciser ce mode, au niveau qui convient d'habitudó pour d'autres machines, (boutons, lampes témoins, manettes) on s'aperçoit que la description la plus minutieuse est impuissante à pernetire une mise en oeuvre efficace du plus modeste calculateur. Et cela pour uis raison bien simple, c'est que le travail utile du calculateur résulte d'ordres",No text,"Introduction
Un calculateur est un assemblage technologique très remarquable, mais il est, comme tout autre équipement, absolument sans valeur sans un mode d'emploi. Lorsqu'on essaie de préciser ce mode, au niveau qui convient d'habitude pour d'autres machines, (boutons, lampes témoins, manettes) on s'aperçoit que la description la plus minutieuse est impuissante à permettre une mise en oeuvre efficace du plus modeste calculateur. Et cela pour une raison bien simple, c'est que le travail utile du calculateur résulte d'ordres",No text,"# Introduction  

Un calculateur est un assemblage technologique très remarquable, mais il est, comme tout autre équipement, absolument sans valeur sans un mode d'emploi. Lorsqu'on essaie de préciser ce mode, au niveau qui convient d'habitude pour d'autres machines (boutons, lampes témoins, manettes), on s'aperçoit que la description la plus minutieuse est impuissante à permettre une mise en œuvre efficace du plus modeste calculateur. Et cela pour une raison bien simple, c'est que le travail utile du calculateur résulte d'ordres",deepseek-deepseek-v3-turbo-temp0.7,prompt_complex_01,prompt_complex_01,results-AN_lines-deepseek-deepseek-v3-turbo-temp0.7.jsonl,results-AN_lines-deepseek-deepseek-v3-turbo-temp0.7.jsonl_28,"# Introduction  

Un calculateur est un assemblage technologique très remarquable, mais il est, comme tout autre équipement, absolument sans valeur sans un mode d'emploi. Lorsqu'on essaie de préciser ce mode, au niveau qui convient d'habitude pour d'autres machines (boutons, lampes témoins, manettes), on s'aperçoit que la description la plus minutieuse est impuissante à permettre une mise en œuvre efficace du plus modeste calculateur. Et cela pour une raison bien simple, c'est que le travail utile du calculateur résulte d'ordres",NONE,0.9757009345794393,0.9831460674157303,0.00763054802186913,80-99%,0.9831460674157303,0.00763054802186913,0.00763054802186913,0.00763054802186913,0.9757009345794393,Positive Improvement
29,../data/datasets/ocr/original/AN/OCR_AN_19810642_13_3016.txt,fr,AN-lines,"- qui s'éxécutent à vitesse électronique, mais",No text,"- qui s'éxécutent à vitesse électronique, mais",No text,"- qui s'exécutent à vitesse électronique, mais",deepseek-deepseek-v3-turbo-temp0.7,prompt_complex_01,prompt_complex_01,results-AN_lines-deepseek-deepseek-v3-turbo-temp0.7.jsonl,results-AN_lines-deepseek-deepseek-v3-turbo-temp0.7.jsonl_29,"- qui s'exécutent à vitesse électronique, mais",NONE,1.0,0.9782608695652174,-0.021739130434782594,99-100%,0.9782608695652174,-0.021739130434782594,-0.021739130434782594,-0.021739130434782594,1.0,Negative Improvement
30,../data/datasets/ocr/original/AN/OCR_AN_19810642_13_3016.txt,fr,AN-lines,"- qui ont da pour cela être intrc'ults dans un dispositif spécial de la machina, la mémoire de programme, et",No text,"- ﻿﻿qui ont du pour cela être introduits dans un dispositif spécial de la machine, la mémoire de programme, et",No text,"- qui ont dû pour cela être introduits dans un dispositif spécial de la machine, la mémoire de programme, et",deepseek-deepseek-v3-turbo-temp0.7,prompt_complex_01,prompt_complex_01,results-AN_lines-deepseek-deepseek-v3-turbo-temp0.7.jsonl,results-AN_lines-deepseek-deepseek-v3-turbo-temp0.7.jsonl_30,"- qui ont dû pour cela être introduits dans un dispositif spécial de la machine, la mémoire de programme, et",NONE,0.9363636363636364,0.9727272727272728,0.03883495145631069,80-99%,0.9727272727272728,0.03883495145631069,0.03883495145631069,0.03883495145631069,0.9363636363636364,Positive Improvement
31,../data/datasets/ocr/original/AN/OCR_AN_19810642_13_3016.txt,fr,AN-lines,"- qui sont malheureusement rédigés, dans cette mémoire, sous une forma particulièrement ésotérique.",No text,"- ﻿﻿qui sont malheureusement rédigés, dans cette mémoire, sous une forme particulièrement ésotérique.",No text,"- qui sont malheureusement rédigés, dans cette mémoire, sous une forme particulièrement ésotérique.",deepseek-deepseek-v3-turbo-temp0.7,prompt_complex_01,prompt_complex_01,results-AN_lines-deepseek-deepseek-v3-turbo-temp0.7.jsonl,results-AN_lines-deepseek-deepseek-v3-turbo-temp0.7.jsonl_31,"- qui sont malheureusement rédigés, dans cette mémoire, sous une forme particulièrement ésotérique.",NONE,0.9702970297029703,0.9801980198019802,0.01020408163265307,80-99%,0.9801980198019802,0.01020408163265307,0.01020408163265307,0.01020408163265307,0.9702970297029703,Positive Improvement
32,../data/datasets/ocr/original/AN/OCR_AN_19810642_13_3016.txt,fr,AN-lines,"De plus, si nous partons d'une machine absolument vide, l'intro-duction deces ordres, supposés rédigés, dans la machine, est une opération extrêmement longue et fastidieuse, qu'il est pratiquement impossible d'enécuter sans des dixaines d'erreurs.",No text,"De plus, si nous partons d'une machine absolument vide, l'introduction de ces ordres, supposés rédigés, dans la machine, est une opération extrêmement longue et fastidieuse, qu'il est pratiquement impossible d'exécuter sans des dizaines d'erreurs.",No text,"De plus, si nous partons d'une machine absolument vide, l'introduction de ces ordres, supposés rédigés, dans la machine, est une opération extrêmement longue et fastidieuse, qu'il est pratiquement impossible d'exécuter sans des dizaines d'erreurs.",deepseek-deepseek-v3-turbo-temp0.7,prompt_complex_01,prompt_complex_01,results-AN_lines-deepseek-deepseek-v3-turbo-temp0.7.jsonl,results-AN_lines-deepseek-deepseek-v3-turbo-temp0.7.jsonl_32,"De plus, si nous partons d'une machine absolument vide, l'introduction de ces ordres, supposés rédigés, dans la machine, est une opération extrêmement longue et fastidieuse, qu'il est pratiquement impossible d'exécuter sans des dizaines d'erreurs.",NONE,0.9838056680161943,1.0,0.01646090534979428,80-99%,1.0,0.01646090534979428,0.01646090534979428,0.01646090534979428,0.9838056680161943,Positive Improvement
33,../data/datasets/ocr/original/AN/OCR_AN_19810642_13_3016.txt,fr,AN-lines,"Si nous analysons plus finement la suite de ces ordres, qui c'nstitue le programme, nous constatons de plus que chacun d'eux, mêra dans les machines les plus élaborées, n'exécute qu'une action très élémentaire, de sorte que toute activité significative exige l', icution d'un grand nombre de ces ordres. C'est pourquoi, presque dès l'orị̧ine du calcul automatique, il est apparu nécessaire de compléter la machine, le hardware pour employer le. langage familier des américains, par une cécle de programes écrits par des spéc11 listes, grâce auxquels la mise en oeuvre deviendra plus aisée.",No text,"Si nous analysons plus finement la suite de ces ordres, qui constitue le programme, nous constatons de plus que chacun d'eux, mêne dans les machines les plus élaborées, n'exécute qu'une action très élémentaire, de sorte que toute activité significative exige l'exécution d'un grand nombre de ces ordres. C'est pourquoi, presque dès l'origine du calcul automatique, il est apparu nécessaire de compléter la machine: le hardware pour employer le langage familier des américains, par une série de programmes écrits par des spécialistes, grâce auxquels la mise en œuvre deviendra plus aisée.",No text,"Si nous analysons plus finement la suite de ces ordres, qui constitue le programme, nous constatons de plus que chacun d'eux, même dans les machines les plus élaborées, n'exécute qu'une action très élémentaire, de sorte que toute activité significative exige l'exécution d'un grand nombre de ces ordres. C'est pourquoi, presque dès l'origine du calcul automatique, il est apparu nécessaire de compléter la machine, le hardware pour employer le langage familier des Américains, par une série de programmes écrits par des spécialistes, grâce auxquels la mise en œuvre deviendra plus aisée.",deepseek-deepseek-v3-turbo-temp0.7,prompt_complex_01,prompt_complex_01,results-AN_lines-deepseek-deepseek-v3-turbo-temp0.7.jsonl,results-AN_lines-deepseek-deepseek-v3-turbo-temp0.7.jsonl_33,"Si nous analysons plus finement la suite de ces ordres, qui constitue le programme, nous constatons de plus que chacun d'eux, même dans les machines les plus élaborées, n'exécute qu'une action très élémentaire, de sorte que toute activité significative exige l'exécution d'un grand nombre de ces ordres. C'est pourquoi, presque dès l'origine du calcul automatique, il est apparu nécessaire de compléter la machine, le hardware pour employer le langage familier des Américains, par une série de programmes écrits par des spécialistes, grâce auxquels la mise en œuvre deviendra plus aisée.",NONE,0.967741935483871,0.9948892674616695,0.028052243043725122,80-99%,0.9948892674616695,0.028052243043725122,0.028052243043725122,0.028052243043725122,0.967741935483871,Positive Improvement
34,../data/datasets/ocr/original/AN/OCR_AN_19810642_13_3016.txt,fr,AN-lines,"Moyennant ces programnes, qui constituent le ""software"", par une astuce de langage dont aucun bon équivalent français n'a encore été trouvé, l'utilisateur moyen, peu soucieux de la structure interne de son équipement, est néc. : : en mesure de lui faire exécuter des tâches extrêmement complexes qu'il lui définit en quelques mots simples.",No text,"Moyennant ces programmes, qui constituent le ""software"", par une astuce de langage dont aucun bon équivalent français n'a encore été trouvé, l'utilisateur moyen, peu soucieux de la structure interne de son équipement, est né @tache@ en mesure de lui faire exécuter des tâches extrêmement complexes qu'il lui définit en quelques mots simples.",No text,"Moyennant ces programmes, qui constituent le ""software"", par une astuce de langage dont aucun bon équivalent français n'a encore été trouvé, l'utilisateur moyen, peu soucieux de la structure interne de son équipement, est en mesure de lui faire exécuter des tâches extrêmement complexes qu'il lui définit en quelques mots simples.",deepseek-deepseek-v3-turbo-temp0.7,prompt_complex_01,prompt_complex_01,results-AN_lines-deepseek-deepseek-v3-turbo-temp0.7.jsonl,results-AN_lines-deepseek-deepseek-v3-turbo-temp0.7.jsonl_34,"Moyennant ces programmes, qui constituent le ""software"", par une astuce de langage dont aucun bon équivalent français n'a encore été trouvé, l'utilisateur moyen, peu soucieux de la structure interne de son équipement, est en mesure de lui faire exécuter des tâches extrêmement complexes qu'il lui définit en quelques mots simples.",NONE,0.9736070381231672,0.967741935483871,-0.006024096385542163,80-99%,0.967741935483871,-0.006024096385542163,-0.006024096385542163,-0.006024096385542163,0.9736070381231672,Negative Improvement
35,../data/datasets/ocr/original/AN/OCR_AN_19810642_13_3016.txt,fr,AN-lines,Nous aurons à distinguer deux sortes de software :,No text,Nous aurons à distinguer deux sortes de software :,No text,Nous aurons à distinguer deux sortes de software :,deepseek-deepseek-v3-turbo-temp0.7,prompt_complex_01,prompt_complex_01,results-AN_lines-deepseek-deepseek-v3-turbo-temp0.7.jsonl,results-AN_lines-deepseek-deepseek-v3-turbo-temp0.7.jsonl_35,Nous aurons à distinguer deux sortes de software :,NONE,1.0,1.0,0.0,99-100%,1.0,0.0,0.0,0.0,1.0,No Improvement
36,../data/datasets/ocr/original/AN/OCR_AN_19810642_13_3016.txt,fr,AN-lines,"1) le software de base, à l'aide duquel on fait disparaître, pour l'usager les incomodités naturelles de l'équipement. Nantie de son software de base, la machine eccepte ses ordres élémentaires sous une forme directement compréhensible à l'home, et la procédure d'introduction du programme dans la mémoire devient aisée sinon naturelle. Les résultats qu'elle délivre $i$... de même convenablement présentés, et rédigér an langage clair. Enfin, l'exécution du travail est organisée de manière à réduire les temps morts, qui équivalent à des pertes d'argent.",No text,"1. ﻿﻿﻿le software de base, à l'aide duquel on fait disparaître, pour l'usager les incommodités naturelles de l'équipement. Nantie de son software de base, la machine accepte ses ordres élémentaires sous une forme directement compréhensible à l'homme, et la procèdure d'introduction du programme dans la mémoire devient aisée sinon naturelle. Les résultats qu'elle délivre @tache@ de même convenablement présentés, et rédigés en langage clair. Enfin, l'exécution du travail est organisée de manière à réduire les temps morts, qui équivalent à des pertes d'argent.",No text,"1) Le software de base, à l'aide duquel on fait disparaître, pour l'usager, les incomodités naturelles de l'équipement. Nantie de son software de base, la machine accepte ses ordres élémentaires sous une forme directement compréhensible à l'homme, et la procédure d'introduction du programme dans la mémoire devient aisée sinon naturelle. Les résultats qu'elle délivre sont de même convenablement présentés, et rédigés en langage clair. Enfin, l'exécution du travail est organisée de manière à réduire les temps morts, qui équivalent à des pertes d'argent.",deepseek-deepseek-v3-turbo-temp0.7,prompt_complex_01,prompt_complex_01,results-AN_lines-deepseek-deepseek-v3-turbo-temp0.7.jsonl,results-AN_lines-deepseek-deepseek-v3-turbo-temp0.7.jsonl_36,"1) Le software de base, à l'aide duquel on fait disparaître, pour l'usager, les incomodités naturelles de l'équipement. Nantie de son software de base, la machine accepte ses ordres élémentaires sous une forme directement compréhensible à l'homme, et la procédure d'introduction du programme dans la mémoire devient aisée sinon naturelle. Les résultats qu'elle délivre sont de même convenablement présentés, et rédigés en langage clair. Enfin, l'exécution du travail est organisée de manière à réduire les temps morts, qui équivalent à des pertes d'argent.",NONE,0.9697508896797153,0.9733096085409253,0.00366972477064219,80-99%,0.9733096085409253,0.00366972477064219,0.00366972477064219,0.00366972477064219,0.9697508896797153,Positive Improvement
37,../data/datasets/ocr/original/AN/OCR_AN_19810642_13_3016.txt,fr,AN-lines,"2) le software d'application, spécialement conçu pour faciliter plus particulièrement tel - tel usage de la machine, en dispensant l'exploitant de réfléchir à la méthode de résolution des, problèmes de routine, propres à cette application, pour se concentrer sur les cas particuliers.",No text,"2. ﻿﻿﻿le software d'application, spécialement conçu pour faciliter plus particulièrement tel tel usage de la machine, en dispensant l'exploitant de réfléchir à la méthode de résolution des, problèmes de routine, propres à cette application, pour se concentrer sur les cas particuliers.",No text,"2) le software d'application, spécialement conçu pour faciliter plus particulièrement tel ou tel usage de la machine, en dispensant l'exploitant de réfléchir à la méthode de résolution des problèmes de routine, propres à cette application, pour se concentrer sur les cas particuliers.",deepseek-deepseek-v3-turbo-temp0.7,prompt_complex_01,prompt_complex_01,results-AN_lines-deepseek-deepseek-v3-turbo-temp0.7.jsonl,results-AN_lines-deepseek-deepseek-v3-turbo-temp0.7.jsonl_37,"2) le software d'application, spécialement conçu pour faciliter plus particulièrement tel ou tel usage de la machine, en dispensant l'exploitant de réfléchir à la méthode de résolution des problèmes de routine, propres à cette application, pour se concentrer sur les cas particuliers.",NONE,0.9789473684210527,0.9719298245614035,-0.007168458781362029,80-99%,0.9719298245614035,-0.007168458781362029,-0.007168458781362029,-0.007168458781362029,0.9789473684210527,Negative Improvement
38,../data/datasets/ocr/original/AN/OCR_AN_19810642_13_3017.txt,fr,AN-lines,"Avant d'entrer dans le détail des éléments qui composent un software de base, un point important doit être mis en évidence. Puisque ce qui interesse en définitive le client, c'est le service représenté par la somme hardware + software de base, il est indifférent que cette somme soit réalisée d'une façon ou d'une autre.",No text,"Avant d'entrer dans le détail des éléments qui composent un software de base, un point important doit être mis en évidence. Puisque ce qui intéresse en définitive le client, c'est le service représenté par la somme hardware + software de base, il est indifférent que cette somme soit réalisée d'une façon ou d'une autre.",No text,"Avant d'entrer dans le détail des éléments qui composent un software de base, un point important doit être mis en évidence. Puisque ce qui intéresse en définitive le client, c'est le service représenté par la somme hardware + software de base, il est indifférent que cette somme soit réalisée d'une façon ou d'une autre.",deepseek-deepseek-v3-turbo-temp0.7,prompt_complex_01,prompt_complex_01,results-AN_lines-deepseek-deepseek-v3-turbo-temp0.7.jsonl,results-AN_lines-deepseek-deepseek-v3-turbo-temp0.7.jsonl_38,"Avant d'entrer dans le détail des éléments qui composent un software de base, un point important doit être mis en évidence. Puisque ce qui intéresse en définitive le client, c'est le service représenté par la somme hardware + software de base, il est indifférent que cette somme soit réalisée d'une façon ou d'une autre.",NONE,0.996875,1.0,0.0031347962382445587,99-100%,1.0,0.0031347962382445587,0.0031347962382445587,0.0031347962382445587,0.996875,Positive Improvement
39,../data/datasets/ocr/original/AN/OCR_AN_19810642_13_3017.txt,fr,AN-lines,"De fait, il y a une infinité de manières de réaliser un même software de base sur une même machine, ce qui souligne combien le software est, encore aujourd' hui, un art. Il est, en outre, possible de fournir le même software de base,le même service si l'on veut, avec des hardware différents (notion de comptabilité) et de mettre plus ou moins l'accent à cette occasion sur l'économie ou sur le temps d'exécution. Il n'y a donc pas lieu de s'étonner que des clients ayant les mêmes problèmes et utilisant les mêmes langages de programmation puissent aboutir à des conclusions différentes quant au calculateur qui résoudre, de manière optimale, leur problème particulier.",No text,"De fait, il y a une infinité de manières de réaliser un même software de base sur une même machine, ce qui souligne combien le software est, encore aujourd'hui, un art. Il est, en outre, possible de fournir le même software de base, le même service si l'on veut, avec des hardware différents (notion de comptabilité) et de mettre plus ou moins l'accent à cette occasion sur l'économie ou sur le temps d'exécution. Il n'y a donc pas lieu de s'étonner que des clients ayant les mêmes problèmes et utilisant les mêmes langages de programmation puissent aboutir à des conclusions différentes quant au calculateur qui résoudra, de manière optimale, leur problème particulier.",No text,"De fait, il y a une infinité de manières de réaliser un même software de base sur une même machine, ce qui souligne combien le software est, encore aujourd'hui, un art. Il est, en outre, possible de fournir le même software de base, le même service si l'on veut, avec des hardware différents (notion de compatibilité) et de mettre plus ou moins l'accent à cette occasion sur l'économie ou sur le temps d'exécution. Il n'y a donc pas lieu de s'étonner que des clients ayant les mêmes problèmes et utilisant les mêmes langages de programmation puissent aboutir à des conclusions différentes quant au calculateur qui résoudra, de manière optimale, leur problème particulier.",deepseek-deepseek-v3-turbo-temp0.7,prompt_complex_01,prompt_complex_01,results-AN_lines-deepseek-deepseek-v3-turbo-temp0.7.jsonl,results-AN_lines-deepseek-deepseek-v3-turbo-temp0.7.jsonl_39,"De fait, il y a une infinité de manières de réaliser un même software de base sur une même machine, ce qui souligne combien le software est, encore aujourd'hui, un art. Il est, en outre, possible de fournir le même software de base, le même service si l'on veut, avec des hardware différents (notion de compatibilité) et de mettre plus ou moins l'accent à cette occasion sur l'économie ou sur le temps d'exécution. Il n'y a donc pas lieu de s'étonner que des clients ayant les mêmes problèmes et utilisant les mêmes langages de programmation puissent aboutir à des conclusions différentes quant au calculateur qui résoudra, de manière optimale, leur problème particulier.",NONE,0.9955223880597015,0.9970193740685543,0.0015037190793574264,99-100%,0.9970193740685543,0.0015037190793574264,0.0015037190793574264,0.0015037190793574264,0.9955223880597015,Positive Improvement
40,../data/datasets/ocr/original/AN/OCR_AN_19810642_13_3017.txt,fr,AN-lines,"Voyons maintenant la composition du software de base. Nous distingu-

- l'assembleu-, programme permettant de parler commodément à la machine dans son propre langage, au prix d'une bonne connaissance de sa structure interne.",No text,"Voyons maintenant la composition du software de base. Nous distinguerons :

- l'assembleur , programme permettant de parler commodément à la machine dans son propre langage, au prix d'une bonne connaissance de sa structure interne.",No text,"Voyons maintenant la composition du software de base. Nous distinguons :

- l'assembleur, programme permettant de parler commodément à la machine dans son propre langage, au prix d'une bonne connaissance de sa structure interne.",deepseek-deepseek-v3-turbo-temp0.7,prompt_complex_01,prompt_complex_01,results-AN_lines-deepseek-deepseek-v3-turbo-temp0.7.jsonl,results-AN_lines-deepseek-deepseek-v3-turbo-temp0.7.jsonl_40,"Voyons maintenant la composition du software de base. Nous distinguons :

- l'assembleur, programme permettant de parler commodément à la machine dans son propre langage, au prix d'une bonne connaissance de sa structure interne.",NONE,0.961038961038961,0.987012987012987,0.027027027027027035,80-99%,0.987012987012987,0.027027027027027035,0.027027027027027035,0.027027027027027035,0.961038961038961,Positive Improvement
41,../data/datasets/ocr/original/AN/OCR_AN_19810642_13_3016.txt,fr,AN-lines,"# Introduction 

Un calculateur est un assemblage technolog:que très remarqua:te, mais il est, comme tout autre 'équipement, absolument sans valeur sans un mode d'emploi. Lorsqu'on essaie de préciser ce mode, au niveau qui convient d'habitudó pour d'autres machines, (boutons, lampes témoins, manettes) on s'aperçoit que la description la plus minutieuse est impuissante à pernetire une mise en oeuvre efficace du plus modeste calculateur. Et cela pour uis raison bien simple, c'est que le travail utile du calculateur résulte d'ordres",No text,"Introduction
Un calculateur est un assemblage technologique très remarquable, mais il est, comme tout autre équipement, absolument sans valeur sans un mode d'emploi. Lorsqu'on essaie de préciser ce mode, au niveau qui convient d'habitude pour d'autres machines, (boutons, lampes témoins, manettes) on s'aperçoit que la description la plus minutieuse est impuissante à permettre une mise en oeuvre efficace du plus modeste calculateur. Et cela pour une raison bien simple, c'est que le travail utile du calculateur résulte d'ordres",No text,"# Introduction

Un calculateur est un assemblage technologique très remarquable, mais il est, comme tout autre équipement, absolument sans valeur sans un mode d'emploi. Lorsqu'on essaie de préciser ce mode, au niveau qui convient d'habitude pour d'autres machines (boutons, lampes témoins, manettes), on s'aperçoit que la description la plus minutieuse est impuissante à permettre une mise en œuvre efficace du plus modeste calculateur. Et cela pour une raison bien simple, c'est que le travail utile du calculateur résulte d'ordres.",deepseek-deepseek-v3-turbo-temp0.7,prompt_complex_01,prompt_complex_01,results-AN_lines-deepseek-deepseek-v3-turbo-temp0.7.jsonl,results-AN_lines-deepseek-deepseek-v3-turbo-temp0.7.jsonl_41,"# Introduction

Un calculateur est un assemblage technologique très remarquable, mais il est, comme tout autre équipement, absolument sans valeur sans un mode d'emploi. Lorsqu'on essaie de préciser ce mode, au niveau qui convient d'habitude pour d'autres machines (boutons, lampes témoins, manettes), on s'aperçoit que la description la plus minutieuse est impuissante à permettre une mise en œuvre efficace du plus modeste calculateur. Et cela pour une raison bien simple, c'est que le travail utile du calculateur résulte d'ordres.",NONE,0.9757009345794393,0.9849906191369606,0.009521036854930862,80-99%,0.9849906191369606,0.009521036854930862,0.009521036854930862,0.009521036854930862,0.9757009345794393,Positive Improvement
42,../data/datasets/ocr/original/AN/OCR_AN_19810642_13_3016.txt,fr,AN-lines,"- qui s'éxécutent à vitesse électronique, mais",No text,"- qui s'éxécutent à vitesse électronique, mais",No text,"- qui s'exécutent à vitesse électronique, mais",deepseek-deepseek-v3-turbo-temp0.7,prompt_complex_01,prompt_complex_01,results-AN_lines-deepseek-deepseek-v3-turbo-temp0.7.jsonl,results-AN_lines-deepseek-deepseek-v3-turbo-temp0.7.jsonl_42,"- qui s'exécutent à vitesse électronique, mais",NONE,1.0,0.9782608695652174,-0.021739130434782594,99-100%,0.9782608695652174,-0.021739130434782594,-0.021739130434782594,-0.021739130434782594,1.0,Negative Improvement
43,../data/datasets/ocr/original/AN/OCR_AN_19810642_13_3016.txt,fr,AN-lines,"- qui ont da pour cela être intrc'ults dans un dispositif spécial de la machina, la mémoire de programme, et",No text,"- ﻿﻿qui ont du pour cela être introduits dans un dispositif spécial de la machine, la mémoire de programme, et",No text,"- qui ont dû pour cela être introduits dans un dispositif spécial de la machine, la mémoire de programme,",deepseek-deepseek-v3-turbo-temp0.7,prompt_complex_01,prompt_complex_01,results-AN_lines-deepseek-deepseek-v3-turbo-temp0.7.jsonl,results-AN_lines-deepseek-deepseek-v3-turbo-temp0.7.jsonl_43,"- qui ont dû pour cela être introduits dans un dispositif spécial de la machine, la mémoire de programme,",NONE,0.9363636363636364,0.9454545454545454,0.009708737864077614,80-99%,0.9454545454545454,0.009708737864077614,0.009708737864077614,0.009708737864077614,0.9363636363636364,Positive Improvement
44,../data/datasets/ocr/original/AN/OCR_AN_19810642_13_3016.txt,fr,AN-lines,"- qui sont malheureusement rédigés, dans cette mémoire, sous une forma particulièrement ésotérique.",No text,"- ﻿﻿qui sont malheureusement rédigés, dans cette mémoire, sous une forme particulièrement ésotérique.",No text,"- qui sont malheureusement rédigés, dans cette mémoire, sous une forme particulièrement ésotérique.",deepseek-deepseek-v3-turbo-temp0.7,prompt_complex_01,prompt_complex_01,results-AN_lines-deepseek-deepseek-v3-turbo-temp0.7.jsonl,results-AN_lines-deepseek-deepseek-v3-turbo-temp0.7.jsonl_44,"- qui sont malheureusement rédigés, dans cette mémoire, sous une forme particulièrement ésotérique.",NONE,0.9702970297029703,0.9801980198019802,0.01020408163265307,80-99%,0.9801980198019802,0.01020408163265307,0.01020408163265307,0.01020408163265307,0.9702970297029703,Positive Improvement
45,../data/datasets/ocr/original/AN/OCR_AN_19810642_13_3016.txt,fr,AN-lines,"De plus, si nous partons d'une machine absolument vide, l'intro-duction deces ordres, supposés rédigés, dans la machine, est une opération extrêmement longue et fastidieuse, qu'il est pratiquement impossible d'enécuter sans des dixaines d'erreurs.",No text,"De plus, si nous partons d'une machine absolument vide, l'introduction de ces ordres, supposés rédigés, dans la machine, est une opération extrêmement longue et fastidieuse, qu'il est pratiquement impossible d'exécuter sans des dizaines d'erreurs.",No text,"De plus, si nous partons d'une machine absolument vide, l'introduction de ces ordres, supposés rédigés, dans la machine, est une opération extrêmement longue et fastidieuse, qu'il est pratiquement impossible d'exécuter sans des dizaines d'erreurs.",deepseek-deepseek-v3-turbo-temp0.7,prompt_complex_01,prompt_complex_01,results-AN_lines-deepseek-deepseek-v3-turbo-temp0.7.jsonl,results-AN_lines-deepseek-deepseek-v3-turbo-temp0.7.jsonl_45,"De plus, si nous partons d'une machine absolument vide, l'introduction de ces ordres, supposés rédigés, dans la machine, est une opération extrêmement longue et fastidieuse, qu'il est pratiquement impossible d'exécuter sans des dizaines d'erreurs.",NONE,0.9838056680161943,1.0,0.01646090534979428,80-99%,1.0,0.01646090534979428,0.01646090534979428,0.01646090534979428,0.9838056680161943,Positive Improvement
46,../data/datasets/ocr/original/AN/OCR_AN_19810642_13_3016.txt,fr,AN-lines,"Si nous analysons plus finement la suite de ces ordres, qui c'nstitue le programme, nous constatons de plus que chacun d'eux, mêra dans les machines les plus élaborées, n'exécute qu'une action très élémentaire, de sorte que toute activité significative exige l', icution d'un grand nombre de ces ordres. C'est pourquoi, presque dès l'orị̧ine du calcul automatique, il est apparu nécessaire de compléter la machine, le hardware pour employer le. langage familier des américains, par une cécle de programes écrits par des spéc11 listes, grâce auxquels la mise en oeuvre deviendra plus aisée.",No text,"Si nous analysons plus finement la suite de ces ordres, qui constitue le programme, nous constatons de plus que chacun d'eux, mêne dans les machines les plus élaborées, n'exécute qu'une action très élémentaire, de sorte que toute activité significative exige l'exécution d'un grand nombre de ces ordres. C'est pourquoi, presque dès l'origine du calcul automatique, il est apparu nécessaire de compléter la machine: le hardware pour employer le langage familier des américains, par une série de programmes écrits par des spécialistes, grâce auxquels la mise en œuvre deviendra plus aisée.",No text,"Si nous analysons plus finement la suite de ces ordres, qui constitue le programme, nous constatons de plus que chacun d'eux, même dans les machines les plus élaborées, n'exécute qu'une action très élémentaire, de sorte que toute activité significative exige l'exécution d'un grand nombre de ces ordres. C'est pourquoi, presque dès l'origine du calcul automatique, il est apparu nécessaire de compléter la machine, le hardware pour employer le langage familier des Américains, par une série de programmes écrits par des spécialistes, grâce auxquels la mise en œuvre deviendra plus aisée.",deepseek-deepseek-v3-turbo-temp0.7,prompt_complex_01,prompt_complex_01,results-AN_lines-deepseek-deepseek-v3-turbo-temp0.7.jsonl,results-AN_lines-deepseek-deepseek-v3-turbo-temp0.7.jsonl_46,"Si nous analysons plus finement la suite de ces ordres, qui constitue le programme, nous constatons de plus que chacun d'eux, même dans les machines les plus élaborées, n'exécute qu'une action très élémentaire, de sorte que toute activité significative exige l'exécution d'un grand nombre de ces ordres. C'est pourquoi, presque dès l'origine du calcul automatique, il est apparu nécessaire de compléter la machine, le hardware pour employer le langage familier des Américains, par une série de programmes écrits par des spécialistes, grâce auxquels la mise en œuvre deviendra plus aisée.",NONE,0.967741935483871,0.9948892674616695,0.028052243043725122,80-99%,0.9948892674616695,0.028052243043725122,0.028052243043725122,0.028052243043725122,0.967741935483871,Positive Improvement
47,../data/datasets/ocr/original/AN/OCR_AN_19810642_13_3016.txt,fr,AN-lines,"Moyennant ces programnes, qui constituent le ""software"", par une astuce de langage dont aucun bon équivalent français n'a encore été trouvé, l'utilisateur moyen, peu soucieux de la structure interne de son équipement, est néc. : : en mesure de lui faire exécuter des tâches extrêmement complexes qu'il lui définit en quelques mots simples.",No text,"Moyennant ces programmes, qui constituent le ""software"", par une astuce de langage dont aucun bon équivalent français n'a encore été trouvé, l'utilisateur moyen, peu soucieux de la structure interne de son équipement, est né @tache@ en mesure de lui faire exécuter des tâches extrêmement complexes qu'il lui définit en quelques mots simples.",No text,"Moyennant ces programmes, qui constituent le ""software"", par une astuce de langage dont aucun bon équivalent français n'a encore été trouvé, l'utilisateur moyen, peu soucieux de la structure interne de son équipement, est en mesure de lui faire exécuter des tâches extrêmement complexes qu'il lui définit en quelques mots simples.",deepseek-deepseek-v3-turbo-temp0.7,prompt_complex_01,prompt_complex_01,results-AN_lines-deepseek-deepseek-v3-turbo-temp0.7.jsonl,results-AN_lines-deepseek-deepseek-v3-turbo-temp0.7.jsonl_47,"Moyennant ces programmes, qui constituent le ""software"", par une astuce de langage dont aucun bon équivalent français n'a encore été trouvé, l'utilisateur moyen, peu soucieux de la structure interne de son équipement, est en mesure de lui faire exécuter des tâches extrêmement complexes qu'il lui définit en quelques mots simples.",NONE,0.9736070381231672,0.967741935483871,-0.006024096385542163,80-99%,0.967741935483871,-0.006024096385542163,-0.006024096385542163,-0.006024096385542163,0.9736070381231672,Negative Improvement
48,../data/datasets/ocr/original/AN/OCR_AN_19810642_13_3016.txt,fr,AN-lines,Nous aurons à distinguer deux sortes de software :,No text,Nous aurons à distinguer deux sortes de software :,No text,Nous aurons à distinguer deux sortes de software :,deepseek-deepseek-v3-turbo-temp0.7,prompt_complex_01,prompt_complex_01,results-AN_lines-deepseek-deepseek-v3-turbo-temp0.7.jsonl,results-AN_lines-deepseek-deepseek-v3-turbo-temp0.7.jsonl_48,Nous aurons à distinguer deux sortes de software :,NONE,1.0,1.0,0.0,99-100%,1.0,0.0,0.0,0.0,1.0,No Improvement
49,../data/datasets/ocr/original/AN/OCR_AN_19810642_13_3016.txt,fr,AN-lines,"1) le software de base, à l'aide duquel on fait disparaître, pour l'usager les incomodités naturelles de l'équipement. Nantie de son software de base, la machine eccepte ses ordres élémentaires sous une forme directement compréhensible à l'home, et la procédure d'introduction du programme dans la mémoire devient aisée sinon naturelle. Les résultats qu'elle délivre $i$... de même convenablement présentés, et rédigér an langage clair. Enfin, l'exécution du travail est organisée de manière à réduire les temps morts, qui équivalent à des pertes d'argent.",No text,"1. ﻿﻿﻿le software de base, à l'aide duquel on fait disparaître, pour l'usager les incommodités naturelles de l'équipement. Nantie de son software de base, la machine accepte ses ordres élémentaires sous une forme directement compréhensible à l'homme, et la procèdure d'introduction du programme dans la mémoire devient aisée sinon naturelle. Les résultats qu'elle délivre @tache@ de même convenablement présentés, et rédigés en langage clair. Enfin, l'exécution du travail est organisée de manière à réduire les temps morts, qui équivalent à des pertes d'argent.",No text,"1) Le software de base, à l'aide duquel on fait disparaître, pour l'usager, les incommodités naturelles de l'équipement. Nantie de son software de base, la machine accepte ses ordres élémentaires sous une forme directement compréhensible à l'homme, et la procédure d'introduction du programme dans la mémoire devient aisée sinon naturelle. Les résultats qu'elle délivre sont de même convenablement présentés, et rédigés en langage clair. Enfin, l'exécution du travail est organisée de manière à réduire les temps morts, qui équivalent à des pertes d'argent.",deepseek-deepseek-v3-turbo-temp0.7,prompt_complex_01,prompt_complex_01,results-AN_lines-deepseek-deepseek-v3-turbo-temp0.7.jsonl,results-AN_lines-deepseek-deepseek-v3-turbo-temp0.7.jsonl_49,"1) Le software de base, à l'aide duquel on fait disparaître, pour l'usager, les incommodités naturelles de l'équipement. Nantie de son software de base, la machine accepte ses ordres élémentaires sous une forme directement compréhensible à l'homme, et la procédure d'introduction du programme dans la mémoire devient aisée sinon naturelle. Les résultats qu'elle délivre sont de même convenablement présentés, et rédigés en langage clair. Enfin, l'exécution du travail est organisée de manière à réduire les temps morts, qui équivalent à des pertes d'argent.",NONE,0.9697508896797153,0.9750889679715302,0.005504587155963228,80-99%,0.9750889679715302,0.005504587155963228,0.005504587155963228,0.005504587155963228,0.9697508896797153,Positive Improvement
50,../data/datasets/ocr/original/AN/OCR_AN_19810642_13_3016.txt,fr,AN-lines,"2) le software d'application, spécialement conçu pour faciliter plus particulièrement tel - tel usage de la machine, en dispensant l'exploitant de réfléchir à la méthode de résolution des, problèmes de routine, propres à cette application, pour se concentrer sur les cas particuliers.",No text,"2. ﻿﻿﻿le software d'application, spécialement conçu pour faciliter plus particulièrement tel tel usage de la machine, en dispensant l'exploitant de réfléchir à la méthode de résolution des, problèmes de routine, propres à cette application, pour se concentrer sur les cas particuliers.",No text,"2) Le software d'application, spécialement conçu pour faciliter plus particulièrement tel ou tel usage de la machine, en dispensant l'exploitant de réfléchir à la méthode de résolution des problèmes de routine, propres à cette application, pour se concentrer sur les cas particuliers.",deepseek-deepseek-v3-turbo-temp0.7,prompt_complex_01,prompt_complex_01,results-AN_lines-deepseek-deepseek-v3-turbo-temp0.7.jsonl,results-AN_lines-deepseek-deepseek-v3-turbo-temp0.7.jsonl_50,"2) Le software d'application, spécialement conçu pour faciliter plus particulièrement tel ou tel usage de la machine, en dispensant l'exploitant de réfléchir à la méthode de résolution des problèmes de routine, propres à cette application, pour se concentrer sur les cas particuliers.",NONE,0.9789473684210527,0.968421052631579,-0.010752688172043043,80-99%,0.968421052631579,-0.010752688172043043,-0.010752688172043043,-0.010752688172043043,0.9789473684210527,Negative Improvement
